date,base_sales,rtb_spend,promotion_spend,livestreaming_spend,incremental_rtb,incremental_promo,incremental_live,final_sales
2024-01-01,89,32886,79017,20481,189,437,143,858
2024-01-02,83,66501,78125,15560,406,436,104,1029
2024-01-03,91,78170,72533,33856,468,428,250,1237
2024-01-04,100,99569,71102,30288,541,426,222,1289
2024-01-05,83,24770,27421,18229,145,158,125,511
2024-01-06,108,1319,7282,10894,60,44,67,279
2024-01-07,116,16426,36268,49401,108,236,375,835
2024-01-08,93,108002,15617,22700,558,78,161,890
2024-01-09,81,104866,62545,34413,553,405,255,1294
2024-01-10,91,71689,31148,7027,435,190,36,752
2024-01-11,81,72062,87804,24279,437,443,174,1135
2024-01-12,81,79804,57687,1376,475,386,0,942
2024-01-13,114,21044,74023,25272,128,431,182,855
2024-01-14,82,109729,11927,48200,561,61,365,1069
2024-01-15,69,50252,77581,19210,301,435,133,938
2024-01-16,81,45976,83048,1949,272,440,0,793
2024-01-17,77,62270,43835,1547,380,301,0,758
2024-01-18,90,5635,54562,19399,71,372,135,668
2024-01-19,78,19954,68832,8001,123,421,44,666
2024-01-20,98,88564,15735,1167,510,79,0,687
2024-01-21,117,9935,45230,37810,84,312,282,795
2024-01-22,85,72378,35879,22926,439,232,163,919
2024-01-23,88,29441,13173,14462,170,66,95,419
2024-01-24,73,46715,33078,45004,277,207,340,897
2024-01-25,82,34643,6135,5806,200,40,26,348
2024-01-26,89,42680,2323,47795,251,30,362,732
2024-01-27,102,86285,12164,15698,501,62,105,770
2024-01-28,107,35654,86680,44420,206,442,335,1090
2024-01-29,82,67968,49457,30147,415,342,221,1060
2024-01-30,86,57126,86923,41335,347,443,310,1186
2024-01-31,83,79640,38924,49200,474,260,373,1190
2024-02-01,107,112419,28063,14420,565,164,95,931
2024-02-02,89,87908,45552,48056,507,314,364,1274
2024-02-03,103,25792,39556,19474,151,265,135,654
2024-02-04,112,3741,9509,19275,66,51,134,363
2024-02-05,77,31471,57674,17019,181,386,116,760
2024-02-06,92,71409,19443,27070,434,100,196,822
2024-02-07,70,6171,55762,7707,73,378,41,562
2024-02-08,76,59563,58518,27685,363,390,201,1030
2024-02-09,92,71621,13682,27085,435,69,196,792
2024-02-10,122,40109,5521,38095,234,38,284,678
2024-02-11,107,92509,70268,41682,522,424,313,1366
2024-02-12,89,12791,41382,22022,94,281,156,620
2024-02-13,87,9016,5234,15116,81,38,100,306
2024-02-14,76,87382,89537,12966,505,444,83,1108
2024-02-15,83,59458,5200,9731,362,37,57,539
2024-02-16,86,82608,62553,2882,487,405,3,981
2024-02-17,127,52179,88531,17122,314,443,116,1000
2024-02-18,110,29568,21526,13512,171,114,88,483
2024-02-19,74,98292,12802,48320,538,65,366,1043
2024-02-20,95,95929,10924,27885,532,57,203,887
2024-02-21,88,83363,27294,17363,490,157,118,853
2024-02-22,85,32657,9094,29023,188,50,212,535
2024-02-23,98,70827,62294,6959,431,404,35,968
2024-02-24,127,43316,5606,22202,255,39,157,578
2024-02-25,116,10989,45847,31311,88,316,230,750
2024-02-26,84,110077,89702,24444,562,444,175,1265
2024-02-27,89,16418,73257,20088,108,429,140,766
2024-02-28,96,114028,55369,49692,568,376,377,1417
2024-02-29,102,53520,27562,44015,323,159,332,916
2024-03-01,88,22215,56150,31170,133,380,229,830
2024-03-02,116,65028,47433,28468,397,328,207,1048
2024-03-03,97,104753,38347,31033,552,254,228,1131
2024-03-04,81,87866,11763,10065,507,60,60,708
2024-03-05,101,96787,79794,19756,534,437,138,1210
2024-03-06,107,79054,40480,1972,472,273,0,852
2024-03-07,93,83073,17516,23777,489,89,170,841
2024-03-08,104,101903,33098,27151,547,207,197,1055
2024-03-09,122,29960,37271,11387,173,245,71,611
2024-03-10,103,58730,74478,48201,358,431,365,1257
2024-03-11,98,26545,66025,45472,154,415,343,1010
2024-03-12,110,118520,69237,36107,573,422,268,1373
2024-03-13,94,113287,992,26669,567,27,193,881
2024-03-14,110,4731,37453,43498,69,247,327,753
2024-03-15,68,84669,43320,6532,495,297,32,892
2024-03-16,128,111029,1727,39525,563,29,296,1016
2024-03-17,111,21669,23383,6241,131,127,29,398
2024-03-18,92,68153,68426,39710,416,420,297,1225
2024-03-19,96,109858,12339,13788,561,63,90,810
2024-03-20,75,4073,48177,43854,67,333,330,805
2024-03-21,93,83690,19368,47202,491,100,357,1041
2024-03-22,99,35681,1090,7439,206,28,39,372
2024-03-23,136,110927,21708,23133,563,115,165,979
2024-03-24,106,116526,87828,49049,571,443,372,1492
2024-03-25,88,113311,72138,24170,567,428,173,1256
2024-03-26,91,56905,86361,43177,346,442,325,1204
2024-03-27,105,103445,43906,29436,550,301,215,1171
2024-03-28,100,101345,9876,18766,545,53,130,828
2024-03-29,91,38292,49316,14289,222,341,94,748
2024-03-30,127,99469,40893,10161,541,277,61,1006
2024-03-31,113,4440,75992,38089,68,433,284,898
2024-04-01,107,71552,8827,19327,435,49,134,725
2024-04-02,90,27601,43941,25563,160,302,184,736
2024-04-03,94,14468,13504,24616,100,68,176,438
2024-04-04,93,9234,29220,28863,82,173,210,558
2024-04-05,83,83554,66362,43278,491,416,326,1316
2024-04-06,126,40784,42841,49036,238,293,372,1029
2024-04-07,115,86972,33829,20379,504,214,143,976
2024-04-08,98,7842,35502,41375,78,229,311,716
2024-04-09,96,37834,41350,38226,219,280,285,880
2024-04-10,84,64738,70651,28676,395,425,209,1113
2024-04-11,94,94886,80287,47802,529,438,362,1423
2024-04-12,95,38250,85980,10023,222,442,60,819
2024-04-13,116,75106,70821,5463,453,425,23,1017
2024-04-14,112,106317,28386,42698,555,166,321,1154
2024-04-15,103,73903,61932,21957,447,403,155,1108
2024-04-16,118,27955,39384,42348,162,264,318,862
2024-04-17,101,2928,22920,44654,64,124,337,626
2024-04-18,102,104411,75678,3122,552,433,4,1091
2024-04-19,99,2552,3458,44173,63,33,333,528
2024-04-20,105,104964,81158,22415,553,439,159,1256
2024-04-21,114,63472,41532,25521,388,282,184,968
2024-04-22,100,112688,57348,31329,566,385,230,1281
2024-04-23,125,95853,59341,46319,532,393,350,1400
2024-04-24,98,119752,80560,955,575,438,0,1111
2024-04-25,103,42085,57300,23842,247,385,170,905
2024-04-26,100,92062,55254,34386,521,375,255,1251
2024-04-27,114,48231,5998,36135,288,40,269,711
2024-04-28,127,57585,46656,34626,350,322,257,1056
2024-04-29,108,75300,13515,6721,454,68,33,663
2024-04-30,109,104841,66369,14969,553,416,99,1177
2024-05-01,92,118090,46099,17935,573,318,123,1106
2024-05-02,115,92192,61220,40221,521,400,301,1337
2024-05-03,87,50132,3750,13937,300,34,91,512
2024-05-04,132,50562,7631,10535,303,45,64,544
2024-05-05,139,88509,64469,47872,509,411,362,1421
2024-05-06,92,28653,6487,443,166,41,0,299
2024-05-07,96,13256,6413,49891,96,41,379,612
2024-05-08,103,42554,1089,33841,250,27,250,630
2024-05-09,97,34468,86085,41423,199,442,311,1049
2024-05-10,87,35556,66375,14730,205,416,97,805
2024-05-11,128,28032,31792,715,162,196,0,486
2024-05-12,107,5051,26688,36893,70,152,275,604
2024-05-13,107,2144,31473,41707,62,193,313,675
2024-05-14,94,118526,69718,37023,573,423,276,1366
2024-05-15,118,51332,59523,7142,308,394,37,857
2024-05-16,95,46119,16667,37671,273,84,281,733
2024-05-17,100,81557,15669,38446,483,79,287,949
2024-05-18,137,26190,8855,32927,153,49,243,582
2024-05-19,106,113995,59427,38305,568,394,286,1354
2024-05-20,106,94361,68793,42296,528,421,318,1373
2024-05-21,117,10729,23854,30680,87,130,225,559
2024-05-22,88,50109,1885,4430,300,29,15,432
2024-05-23,106,105494,7395,24381,554,44,175,879
2024-05-24,107,113367,87107,3882,567,443,11,1128
2024-05-25,137,56088,26590,20377,340,152,143,772
2024-05-26,107,73609,69230,20355,445,422,142,1116
2024-05-27,91,20044,56219,3300,123,380,6,600
2024-05-28,110,118940,34374,17441,574,219,119,1022
2024-05-29,108,27800,18511,5549,161,94,24,387
2024-05-30,108,113127,10924,40411,566,57,303,1034
2024-05-31,109,77957,55351,47384,467,376,359,1311
2024-06-01,174,72928,69717,3615,442,423,8,1047
2024-06-02,173,61522,57951,47755,376,388,362,1299
2024-06-03,159,27680,47727,26128,160,330,189,838
2024-06-04,149,21183,3775,14978,128,34,99,410
2024-06-05,175,26458,87163,3843,154,443,10,782
2024-06-06,161,22372,71884,25031,134,427,180,902
2024-06-07,144,93550,26353,39725,525,150,297,1116
2024-06-08,188,42015,88197,35354,246,443,262,1139
2024-06-09,162,6941,54169,2511,75,370,0,607
2024-06-10,164,116292,52418,3645,571,360,9,1104
2024-06-11,168,106054,67326,20143,555,418,141,1282
2024-06-12,149,111330,73059,14764,564,429,98,1240
2024-06-13,167,119388,59083,11619,574,392,72,1205
2024-06-14,161,20867,11528,14050,127,59,92,439
2024-06-15,190,47549,30444,40174,283,184,301,958
2024-06-16,191,90988,83527,46461,518,440,351,1500
2024-06-17,155,83522,20215,20255,491,105,142,893
2024-06-18,150,18467,33495,45305,116,211,342,819
2024-06-19,149,97899,38886,16074,537,259,108,1053
2024-06-20,150,26932,39546,23821,156,265,170,741
2024-06-21,157,26858,55164,11301,156,375,70,758
2024-06-22,187,64436,84876,32023,394,441,236,1258
2024-06-23,176,71152,21662,48949,432,115,371,1094
2024-06-24,167,69610,10935,30174,424,57,221,869
2024-06-25,159,10978,17772,17890,88,90,123,460
2024-06-26,173,105295,79823,32390,553,437,239,1402
2024-06-27,156,31872,58122,6146,183,388,29,756
2024-06-28,186,15541,25731,44432,104,145,335,770
2024-06-29,190,106649,73435,25154,556,430,181,1357
2024-06-30,166,114678,77523,22467,569,435,159,1329
2024-07-01,99,103455,76186,29293,550,433,214,1296
2024-07-02,114,97141,82703,31239,535,440,229,1318
2024-07-03,107,78629,22701,3588,470,122,8,707
2024-07-04,117,66102,67953,34130,404,419,253,1193
2024-07-05,115,10438,41448,12096,86,281,76,558
2024-07-06,134,49014,75779,35697,293,433,265,1125
2024-07-07,117,44722,65564,41126,264,414,309,1104
2024-07-08,95,31170,69880,40197,179,423,301,998
2024-07-09,106,86810,59054,27625,503,392,201,1202
2024-07-10,119,59505,15968,26008,363,80,188,750
2024-07-11,113,9725,49052,7143,84,339,37,573
2024-07-12,98,26421,88620,38767,154,443,290,985
2024-07-13,138,81991,84364,13570,485,441,88,1152
2024-07-14,130,9135,3885,24834,82,34,178,424
2024-07-15,103,102144,14833,14213,547,74,93,817
2024-07-16,113,59417,11855,6691,362,61,33,569
2024-07-17,112,57670,65338,31477,351,413,231,1107
2024-07-18,100,71088,73600,2716,432,430,1,963
2024-07-19,115,98961,19216,37432,540,99,279,1033
2024-07-20,143,41737,45526,15879,244,314,107,808
2024-07-21,138,81361,75663,6,482,433,0,1053
2024-07-22,123,67887,65952,25556,414,415,184,1136
2024-07-23,99,32043,48801,2342,184,337,0,620
2024-07-24,103,105435,53131,13808,554,364,90,1111
2024-07-25,118,95691,45752,35348,531,316,262,1227
2024-07-26,118,79014,26779,3134,472,153,5,748
2024-07-27,143,102069,50851,41966,547,351,315,1356
2024-07-28,167,104075,61999,190,551,403,0,1121
2024-07-29,119,85003,78599,12341,497,436,78,1130
2024-07-30,125,100441,57266,37045,543,385,276,1329
2024-07-31,123,83696,68500,15813,491,421,106,1141
2024-08-01,120,81616,14406,5094,483,72,20,695
2024-08-02,111,74233,41540,18011,449,282,124,966
2024-08-03,147,90325,839,13519,515,27,88,777
2024-08-04,121,19032,22201,42135,119,118,317,675
2024-08-05,112,105704,65381,15667,554,413,105,1184
2024-08-06,110,104621,89262,39446,552,444,295,1401
2024-08-07,115,3509,8926,44593,65,49,336,565
2024-08-08,138,99098,36134,21690,540,235,153,1066
2024-08-09,96,15464,72006,45497,104,427,343,970
2024-08-10,147,40214,18363,18865,234,94,130,605
2024-08-11,114,89220,49957,48203,512,345,365,1336
2024-08-12,110,19291,65976,4464,120,415,15,660
2024-08-13,126,98156,55438,34350,538,376,254,1294
2024-08-14,116,99856,16922,24690,542,85,177,920
2024-08-15,105,60896,31984,19382,372,197,135,809
2024-08-16,109,766,70541,31635,59,425,233,826
2024-08-17,148,34444,49880,35192,199,345,261,953
2024-08-18,124,74031,470,218,448,26,0,598
2024-08-19,118,117742,68489,8347,572,421,46,1157
2024-08-20,117,75817,3178,35652,456,32,265,870
2024-08-21,110,31176,67116,33319,180,417,246,953
2024-08-22,138,76080,18223,48302,458,93,366,1055
2024-08-23,123,64798,86226,38051,396,442,284,1245
2024-08-24,122,93581,33114,47538,525,208,360,1215
2024-08-25,134,12837,29423,35127,94,175,261,664
2024-08-26,110,91323,13399,14902,519,67,99,795
2024-08-27,126,64951,27504,5268,397,159,22,704
2024-08-28,109,115559,78898,39091,570,436,292,1407
2024-08-29,116,41024,89670,32207,240,444,237,1037
2024-08-30,123,75914,33147,2409,457,208,0,788
2024-08-31,151,111843,40374,18002,565,272,124,1112
2024-09-01,121,12301,64986,47839,92,412,362,987
2024-09-02,115,112467,79757,25020,565,437,180,1297
2024-09-03,113,82546,53373,21636,487,365,153,1118
2024-09-04,112,8140,35237,22884,79,227,163,581
2024-09-05,136,36115,37135,10444,209,244,63,652
2024-09-06,123,84980,62605,18435,497,405,127,1152
2024-09-07,131,8082,289,18490,78,26,127,362
2024-09-08,143,69860,55763,2617,425,378,0,946
2024-09-09,140,41505,31994,38378,243,198,287,868
2024-09-10,129,74509,71477,20825,450,426,146,1151
2024-09-11,104,5489,8369,41108,71,47,308,530
2024-09-12,115,104584,52938,42517,552,363,320,1350
2024-09-13,132,116818,43287,10599,571,296,64,1063
2024-09-14,138,116265,57809,32867,571,387,242,1338
2024-09-15,139,89958,5836,23614,514,39,168,860
2024-09-16,128,15610,52198,44007,105,359,332,924
2024-09-17,111,90991,50533,10787,518,349,66,1044
2024-09-18,120,2950,50459,33890,64,348,251,783
2024-09-19,88,2654,54313,30387,63,370,223,744
2024-09-20,110,38833,60882,14765,226,399,98,833
2024-09-21,143,58637,72449,6830,357,428,34,962
2024-09-22,123,92448,24283,32581,522,134,240,1019
2024-09-23,137,81995,74254,36929,485,431,275,1328
2024-09-24,107,53508,44843,15781,323,309,106,845
2024-09-25,117,32835,6935,32241,189,43,237,586
2024-09-26,123,119654,5269,19756,574,38,138,873
2024-09-27,136,51141,30081,35660,307,181,265,889
2024-09-28,132,54166,70640,9960,328,425,59,944
2024-09-29,148,19634,63691,44510,121,408,336,1013
2024-09-30,122,95377,70975,14370,531,426,94,1173
2024-10-01,112,83241,46554,18389,490,322,127,1051
2024-10-02,127,26492,39617,2904,154,266,3,550
2024-10-03,124,9885,13270,5575,84,67,24,299
2024-10-04,116,81659,29537,25793,483,176,186,961
2024-10-05,148,78541,39061,13379,469,261,87,965
2024-10-06,134,32791,7974,41774,189,46,314,683
2024-10-07,124,114103,19855,734,568,103,0,795
2024-10-08,130,18126,53840,18954,115,368,131,744
2024-10-09,139,51880,66209,16867,312,415,114,980
2024-10-10,111,113233,89851,966,567,444,0,1122
2024-10-11,145,50367,83980,6218,302,441,29,917
2024-10-12,129,76623,57830,20682,460,387,145,1121
2024-10-13,137,47711,37912,24643,284,251,177,849
2024-10-14,130,32905,57255,20214,189,385,141,845
2024-10-15,127,118077,70708,26546,573,425,192,1317
2024-10-16,118,49120,10650,29756,294,56,218,686
2024-10-17,122,107291,36891,496,557,241,0,920
2024-10-18,119,27594,75582,23204,160,433,165,877
2024-10-19,144,25572,34544,48174,149,220,365,878
2024-10-20,148,3736,51468,25951,66,354,187,755
2024-10-21,128,78200,52899,33877,468,363,251,1210
2024-10-22,118,44223,16602,15593,261,83,104,566
2024-10-23,134,103722,32601,38699,550,203,289,1176
2024-10-24,128,56785,30106,38646,345,181,289,943
2024-10-25,133,116183,2357,26064,570,30,188,921
2024-10-26,157,22263,2177,48800,133,30,370,690
2024-10-27,132,104234,74852,6277,551,432,30,1145
2024-10-28,120,93191,24576,847,524,136,0,780
2024-10-29,133,92510,46627,38507,522,322,288,1265
2024-10-30,132,101373,26885,40357,545,154,302,1133
2024-10-31,126,91322,84661,6010,519,441,28,1114
2024-11-01,207,75146,23336,13279,453,127,86,873
2024-11-02,244,15749,38669,877,105,257,0,606
2024-11-03,216,3903,78545,14665,66,436,97,815
2024-11-04,212,110501,75774,38657,563,433,289,1497
2024-11-05,205,73998,16749,25898,447,84,187,923
2024-11-06,205,95584,72237,17404,531,428,119,1283
2024-11-07,218,57782,41236,18586,351,279,128,976
2024-11-08,215,14076,43467,67,99,298,0,612
2024-11-09,241,15022,12013,14990,102,61,99,503
2024-11-10,236,82267,7254,32322,486,44,238,1004
2024-11-11,208,51636,65514,48709,311,413,369,1301
2024-11-12,215,24062,44681,42353,142,308,318,983
2024-11-13,205,58991,39316,1179,359,263,0,827
2024-11-14,211,7705,65655,44928,77,414,339,1041
2024-11-15,207,69836,68896,39159,425,421,293,1346
2024-11-16,234,32279,14301,39018,186,72,292,784
2024-11-17,229,95707,54920,22899,531,374,163,1297
2024-11-18,200,37243,12181,19900,216,62,139,617
2024-11-19,230,54626,67623,15145,331,419,101,1081
2024-11-20,199,1394,59125,3284,60,392,6,657
2024-11-21,197,8693,86095,11411,80,442,71,790
2024-11-22,221,47099,6206,12330,280,40,78,619
2024-11-23,242,57592,5134,24203,350,37,173,802
2024-11-24,231,72002,25396,37372,437,142,278,1088
2024-11-25,216,34999,23553,23690,202,128,169,715
2024-11-26,210,83397,22228,2892,490,119,3,822
2024-11-27,201,103214,81562,47889,549,439,363,1552
2024-11-28,211,93582,22459,47136,525,120,357,1213
2024-11-29,203,4754,24475,39259,69,135,294,701
2024-11-30,245,57660,68345,49566,351,420,376,1392
2024-12-01,144,12591,40476,27224,93,273,197,707
2024-12-02,122,29045,69903,48138,168,424,365,1079
2024-12-03,127,118399,5882,3780,573,39,10,749
2024-12-04,135,17099,43881,18284,111,301,126,673
2024-12-05,125,59866,3025,11269,365,32,70,592
2024-12-06,123,74178,5638,9791,448,39,58,668
2024-12-07,159,84295,81579,7040,494,439,36,1128
2024-12-08,149,67157,12532,31120,410,63,228,850
2024-12-09,126,1172,47917,39066,59,331,292,808
2024-12-10,127,39175,36998,28914,228,242,211,808
2024-12-11,134,62125,31260,7348,379,191,38,742
2024-12-12,117,10543,80985,40556,86,438,304,945
2024-12-13,118,42075,1964,31797,247,29,234,628
2024-12-14,150,3984,59741,19408,67,395,135,747
2024-12-15,145,9429,86705,33706,83,442,249,919
2024-12-16,136,47630,50415,12995,284,348,83,851
2024-12-17,147,15925,84314,17259,106,441,118,812
2024-12-18,141,68104,4703,45874,415,36,346,938
2024-12-19,131,82735,37691,14525,488,249,96,964
2024-12-20,133,96070,23414,23499,532,127,167,959
2024-12-21,148,24018,65773,44507,142,414,336,1040
2024-12-22,148,20097,88316,35386,123,443,263,977
2024-12-23,131,12548,23087,3110,93,125,4,353
2024-12-24,137,76371,58875,7365,459,391,38,1025
2024-12-25,125,84777,17828,392,496,90,0,711
2024-12-26,139,3790,50879,31546,66,351,232,788
2024-12-27,149,112345,41753,22383,565,284,159,1157
2024-12-28,158,6236,87480,6713,73,443,33,707
2024-12-29,153,64955,54767,47896,397,373,363,1286
2024-12-30,141,85087,31455,26482,497,193,191,1022
2024-12-31,130,104516,10268,12094,552,54,76,812
2025-01-01,137,85690,13612,25030,499,68,180,884
2025-01-02,135,96207,20278,33981,533,105,251,1024
2025-01-03,136,40734,22586,3811,238,121,10,505
2025-01-04,152,97779,76555,13735,537,434,89,1212
2025-01-05,150,9613,50510,40348,83,349,302,884
2025-01-06,140,107377,47105,22983,557,326,163,1186
2025-01-07,150,65711,10329,27328,401,54,198,803
2025-01-08,145,98075,77412,21640,538,435,153,1271
2025-01-09,157,54278,65053,2194,328,412,0,897
2025-01-10,128,77229,6090,8287,463,40,46,677
2025-01-11,170,63168,63705,22277,386,408,158,1122
2025-01-12,153,87790,48918,10459,507,338,63,1061
2025-01-13,158,9795,7355,2498,84,44,0,286
2025-01-14,128,7242,41247,42182,76,280,317,801
2025-01-15,128,29652,43622,49059,171,299,372,970
2025-01-16,131,19145,14919,39657,119,75,297,622
2025-01-17,116,104614,85112,42689,552,441,321,1430
2025-01-18,157,26305,76497,12098,153,434,76,820
2025-01-19,145,117103,60212,48031,572,397,364,1478
2025-01-20,139,40427,41606,9846,236,283,58,716
2025-01-21,141,21854,37058,47571,131,243,360,875
2025-01-22,156,94763,58587,49740,529,390,377,1452
2025-01-23,147,79044,49088,35586,472,339,264,1222
2025-01-24,132,59783,5604,49057,364,39,372,907
2025-01-25,154,66643,46125,28476,407,319,207,1087
2025-01-26,158,86304,72576,12977,502,428,83,1171
2025-01-27,125,27414,41331,21849,159,280,154,718
2025-01-28,157,119560,4676,29678,574,36,217,984
2025-01-29,150,116975,70765,3654,571,425,9,1155
2025-01-30,134,78039,18122,31117,467,92,228,921
2025-01-31,122,23945,23275,49058,141,126,372,761
2025-02-01,177,81627,14823,9505,483,74,56,790
2025-02-02,153,8663,29719,39629,80,178,297,708
2025-02-03,152,3678,68107,45394,66,420,343,981
2025-02-04,123,30921,46744,47185,178,323,357,981
2025-02-05,133,55514,18439,48006,337,94,364,928
2025-02-06,140,104192,79004,26072,551,437,188,1316
2025-02-07,140,87260,79162,48865,505,437,370,1452
2025-02-08,160,89124,78352,37865,511,436,282,1389
2025-02-09,161,51059,21491,8083,307,114,44,626
2025-02-10,129,41512,40611,23845,243,274,170,816
2025-02-11,139,44524,88649,35916,263,443,267,1112
2025-02-12,142,118517,69481,12367,573,423,78,1216
2025-02-13,146,4813,2445,32030,69,30,236,481
2025-02-14,148,104043,5868,33330,551,39,246,984
2025-02-15,155,69441,41753,8134,423,284,45,907
2025-02-16,141,52633,81829,28254,317,439,206,1103
2025-02-17,154,87030,48483,38581,504,335,288,1281
2025-02-18,145,58400,44803,24944,356,308,179,988
2025-02-19,134,104810,9492,605,553,51,0,738
2025-02-20,157,108084,59110,451,559,392,0,1108
2025-02-21,143,50606,73989,17851,304,430,122,999
2025-02-22,179,33219,34237,46309,191,218,350,938
2025-02-23,158,71082,69805,11433,432,423,71,1084
2025-02-24,163,109483,86802,31718,561,442,233,1399
2025-02-25,160,25279,18338,11103,148,93,68,469
2025-02-26,140,74755,47099,16083,451,326,108,1025
2025-02-27,152,75787,25842,42402,456,146,319,1073
2025-02-28,149,87973,71356,36443,508,426,271,1354
2025-03-01,181,15788,51983,4769,105,357,18,661
2025-03-02,148,85898,57112,21435,500,384,151,1183
2025-03-03,150,109083,71812,1458,560,427,0,1137
2025-03-04,154,21561,35637,24044,130,230,172,686
2025-03-05,126,28505,82358,33121,165,440,244,975
2025-03-06,132,116567,47972,5925,571,332,27,1062
2025-03-07,123,21717,14215,14444,131,71,95,420
2025-03-08,166,102526,62630,19891,548,405,139,1258
2025-03-09,166,59073,71393,45976,360,426,347,1299
2025-03-10,159,29667,28508,49662,171,167,377,874
2025-03-11,145,104489,77146,2245,552,435,0,1132
2025-03-12,161,53436,81552,38050,323,439,284,1207
2025-03-13,131,61778,24921,18586,377,138,128,774
2025-03-14,127,43108,88516,19622,253,443,136,959
2025-03-15,169,71154,12664,37713,432,64,281,946
2025-03-16,164,19622,18181,45921,121,92,347,724
2025-03-17,145,46929,16580,47546,279,83,360,867
2025-03-18,124,116329,80459,28856,571,438,210,1343
2025-03-19,144,30976,58886,17856,178,392,122,836
2025-03-20,132,78808,13689,39377,471,69,295,967
2025-03-21,152,39022,39629,12550,227,266,80,725
2025-03-22,174,92816,55376,28203,523,376,205,1278
2025-03-23,151,15704,7511,17928,105,44,123,423
2025-03-24,141,116378,79417,32831,571,437,242,1391
2025-03-25,135,54454,72324,12019,329,428,76,968
2025-03-26,146,28326,45468,9579,164,314,56,680
2025-03-27,156,8819,87041,45911,81,443,347,1027
2025-03-28,137,20370,37598,5090,125,248,20,530
2025-03-29,177,62372,88569,25297,381,443,182,1183
2025-03-30,156,40440,60112,11042,236,396,68,856
2025-03-31,139,99466,57120,1946,541,384,0,1064
2025-04-01,146,51706,14935,1800,311,75,0,532
2025-04-02,137,29845,79373,8761,172,437,50,796
2025-04-03,142,74057,38474,43338,448,256,326,1172
2025-04-04,135,84813,14601,14123,496,73,92,796
2025-04-05,192,20045,1134,47522,123,28,360,703
2025-04-06,163,20114,50378,29081,124,348,212,847
2025-04-07,141,4400,47465,21830,68,328,154,691
2025-04-08,150,88368,64741,29004,509,411,212,1282
2025-04-09,147,79656,80123,25834,474,438,186,1245
2025-04-10,146,56955,7146,37938,346,43,283,818
2025-04-11,154,101300,65834,14124,545,414,92,1205
2025-04-12,181,96680,16867,17652,534,85,121,921
2025-04-13,158,70242,77235,44704,427,435,337,1357
2025-04-14,143,104192,73715,47322,551,430,358,1482
2025-04-15,146,24700,48671,44627,145,337,337,965
2025-04-16,126,13430,63921,20972,97,409,147,779
2025-04-17,134,32369,28291,39018,186,166,292,778
2025-04-18,163,6850,42405,23816,75,289,170,697
2025-04-19,191,63740,73947,24876,389,430,179,1189
2025-04-20,162,112392,41333,10234,565,280,61,1068
2025-04-21,155,4721,32201,29556,69,199,216,639
2025-04-22,153,14653,44479,9306,101,306,54,614
2025-04-23,181,54263,74542,16578,328,431,112,1052
2025-04-24,161,112065,30168,42751,565,182,322,1230
2025-04-25,149,37938,15638,10353,220,78,62,509
2025-04-26,166,60868,64081,3557,371,409,8,954
2025-04-27,149,4988,74338,3450,69,431,7,656
2025-04-28,153,17801,9057,47039,114,50,356,673
2025-04-29,143,118395,21588,25346,573,114,182,1012
2025-04-30,137,115814,12777,20470,570,65,143,915
2025-05-01,145,592,31314,40543,58,192,304,699
2025-05-02,140,114217,40531,41791,568,273,314,1295
2025-05-03,193,76694,67394,16609,461,418,112,1184
2025-05-04,175,104150,58603,34680,551,390,257,1373
2025-05-05,152,54568,55883,38556,330,378,288,1148
2025-05-06,167,61871,31713,32732,378,195,241,981
2025-05-07,153,58661,75730,7579,357,433,40,983
2025-05-08,143,80023,42415,43794,476,289,330,1238
2025-05-09,167,16758,88119,26954,109,443,195,914
2025-05-10,183,3596,57072,14123,66,384,92,725
2025-05-11,157,36951,11363,21261,214,59,150,580
2025-05-12,151,84561,60855,1878,495,399,0,1045
2025-05-13,144,24222,29259,6393,143,174,31,492
2025-05-14,139,80811,61769,38277,480,402,286,1307
2025-05-15,162,116389,6267,0,571,41,0,774
2025-05-16,172,11268,15739,20828,89,79,146,486
2025-05-17,164,80712,77016,26125,479,434,189,1266
2025-05-18,174,53250,20446,2731,321,107,1,603
2025-05-19,147,104177,75333,48653,551,432,369,1499
2025-05-20,149,21257,25134,11306,129,140,70,488
2025-05-21,148,83115,57859,15209,489,387,101,1125
2025-05-22,145,100573,62473,15197,544,405,101,1195
2025-05-23,155,113353,46138,11520,567,319,72,1113
2025-05-24,171,81989,27477,73,485,159,0,815
2025-05-25,172,59660,19137,36467,364,98,271,905
2025-05-26,154,74141,2987,48342,448,32,366,1000
2025-05-27,152,104268,27355,11214,551,158,69,930
2025-05-28,146,68473,58784,33152,417,391,245,1199
2025-05-29,149,3646,84447,37094,66,441,276,932
2025-05-30,163,111713,78408,42421,564,436,319,1482
2025-05-31,185,82743,68945,21131,488,422,149,1244
2025-06-01,211,81181,70960,15146,481,426,101,1219
2025-06-02,206,25881,59848,16264,151,395,110,862
2025-06-03,213,79066,23425,35631,472,127,265,1077
2025-06-04,189,47263,81647,40838,281,439,306,1215
2025-06-05,211,78147,60365,9080,468,397,52,1128
2025-06-06,199,12791,50439,18547,94,348,128,769
2025-06-07,237,78941,9989,45097,471,53,340,1101
2025-06-08,214,119929,40234,40334,575,271,302,1362
2025-06-09,188,5785,41432,49242,72,281,373,914
2025-06-10,190,117260,77810,37712,572,435,281,1478
2025-06-11,207,48828,49198,19659,292,340,137,976
2025-06-12,209,104490,34236,29531,552,218,216,1195
2025-06-13,198,93886,87912,33050,526,443,244,1411
2025-06-14,238,68041,9964,3922,415,53,11,717
2025-06-15,206,88613,38029,27224,510,252,197,1165
2025-06-16,207,105421,3782,35466,554,34,263,1058
2025-06-17,195,48496,66591,8366,289,416,46,946
2025-06-18,201,39243,82626,39031,228,440,292,1161
2025-06-19,208,80111,25203,29188,476,141,213,1038
2025-06-20,199,96941,77250,47611,535,435,360,1529
2025-06-21,229,91474,26299,2121,519,149,0,897
2025-06-22,233,95737,81969,13266,532,439,86,1290
2025-06-23,203,52269,67856,30077,315,419,220,1157
2025-06-24,217,98140,72441,14827,538,428,98,1281
2025-06-25,197,14425,1620,35721,100,29,265,591
2025-06-26,214,65338,86652,37950,399,442,283,1338
2025-06-27,223,691,65400,5125,58,413,21,715
2025-06-28,209,38950,27427,25692,226,158,185,778
2025-06-29,216,43975,74645,25444,259,431,183,1089
2025-06-30,215,47540,25336,18464,283,142,127,767
2025-07-01,157,83456,78547,46646,491,436,353,1437
2025-07-02,163,46626,10132,41375,277,54,311,805
2025-07-03,154,53843,63331,34860,325,407,258,1144
2025-07-04,161,28505,48662,35716,165,337,265,928
2025-07-05,183,44790,8688,23085,264,48,164,659
2025-07-06,187,27272,21770,46049,158,115,348,808
2025-07-07,163,8783,1116,34729,81,28,257,529
2025-07-08,164,72413,42189,36449,439,287,271,1161
2025-07-09,156,80185,27113,43084,477,156,324,1113
2025-07-10,156,74338,53852,13703,449,368,89,1062
2025-07-11,156,55619,26751,40353,337,153,302,948
2025-07-12,190,45574,26992,9762,270,155,58,673
2025-07-13,172,103600,66887,17267,550,417,118,1257
2025-07-14,164,62289,4332,16780,380,35,114,693
2025-07-15,182,57501,81260,48926,350,439,371,1342
2025-07-16,170,3077,76703,42826,64,434,322,990
2025-07-17,158,40949,60102,35058,239,396,260,1053
2025-07-18,174,45623,53389,36352,270,365,270,1079
2025-07-19,183,47858,80307,28103,285,438,204,1110
2025-07-20,157,69620,16679,47354,424,84,358,1023
2025-07-21,152,64032,7107,24812,391,43,178,764
2025-07-22,144,72948,21555,19025,442,114,132,832
2025-07-23,159,91785,71512,8151,520,426,45,1150
2025-07-24,163,97558,3120,39310,536,32,294,1025
2025-07-25,179,86174,52452,36722,501,360,273,1313
2025-07-26,191,114662,89589,19217,568,444,133,1336
2025-07-27,176,2187,77012,1259,62,434,0,672
2025-07-28,171,23493,46930,41949,139,324,315,949
2025-07-29,141,907,5727,570,59,39,0,239
2025-07-30,166,77696,74823,35184,465,432,261,1324
2025-07-31,171,107763,53908,48512,558,368,368,1465
2025-08-01,149,29217,10343,21883,169,54,155,527
2025-08-02,200,111244,8447,11748,564,48,73,885
2025-08-03,182,7232,81866,35243,76,439,261,958
2025-08-04,160,112132,60228,40856,565,397,306,1428
2025-08-05,171,42194,74635,27321,247,431,198,1047
2025-08-06,187,12170,79108,48351,92,437,366,1082
2025-08-07,166,58304,51459,2583,355,354,0,875
2025-08-08,167,30813,46570,25239,177,322,181,847
2025-08-09,185,34184,38738,35922,197,258,267,907
2025-08-10,171,36874,28525,43132,213,167,325,876
2025-08-11,173,96363,39113,8962,533,261,51,1018
2025-08-12,157,64699,69649,40000,395,423,300,1275
2025-08-13,166,37356,54173,27635,216,370,201,953
2025-08-14,161,73240,80327,19827,443,438,138,1180
2025-08-15,170,85938,39904,6585,500,268,32,970
2025-08-16,194,32714,54638,43264,188,372,326,1080
2025-08-17,191,49625,56817,7863,297,383,42,913
2025-08-18,161,14626,53252,15489,101,365,103,730
2025-08-19,163,21737,63237,14502,131,407,96,797
2025-08-20,156,81734,21369,43570,483,113,328,1080
2025-08-21,162,21772,46112,33635,131,318,249,860
2025-08-22,170,63019,9380,39834,385,51,298,904
2025-08-23,199,85085,34606,12523,497,221,80,997
2025-08-24,173,12825,43890,31243,94,301,229,797
2025-08-25,176,68077,58700,28587,415,391,208,1190
2025-08-26,181,30787,85547,41641,177,442,313,1113
2025-08-27,171,115551,54058,45304,570,369,342,1452
2025-08-28,186,58025,66923,607,353,417,0,956
2025-08-29,160,96719,45563,33700,534,314,249,1257
2025-08-30,180,66027,57069,2591,403,384,0,967
2025-08-31,165,5209,6383,27442,70,41,199,475
2025-09-01,183,75978,22895,14381,457,123,95,858
2025-09-02,175,114168,32566,15338,568,203,102,1048
2025-09-03,168,72193,42524,17647,438,290,121,1017
2025-09-04,171,98302,4108,31064,538,35,228,972
2025-09-05,157,106104,12602,16702,555,64,113,889
2025-09-06,218,27369,24913,36634,159,138,273,788
2025-09-07,185,25445,87437,20226,149,443,141,918
2025-09-08,170,73317,29821,3417,444,179,7,800
2025-09-09,176,49323,43383,39187,295,297,293,1061
2025-09-10,174,100783,17648,14287,544,89,94,901
2025-09-11,172,108002,54970,21638,558,374,153,1257
2025-09-12,162,42410,25261,34272,249,141,254,806
2025-09-13,199,28424,18629,16622,164,95,112,570
2025-09-14,204,93663,46491,2829,526,321,2,1053
2025-09-15,183,32976,495,18696,190,26,129,528
2025-09-16,186,98713,689,47222,539,27,357,1109
2025-09-17,165,50848,19716,32086,305,102,236,808
2025-09-18,160,80105,3304,33573,476,33,248,917
2025-09-19,169,11464,9722,31614,90,52,232,543
2025-09-20,196,74863,30497,9949,452,184,59,891
2025-09-21,197,54212,72232,20916,328,428,147,1100
2025-09-22,154,70393,51484,37546,428,355,280,1217
2025-09-23,186,20161,46140,5068,124,319,20,649
2025-09-24,169,88424,26413,13892,509,150,91,919
2025-09-25,167,103535,83857,13815,550,441,90,1248
2025-09-26,161,26008,35731,21600,152,231,152,696
2025-09-27,180,11485,7838,49018,90,45,372,687
2025-09-28,195,2836,55535,3375,64,377,7,643
2025-09-29,172,77036,10245,25935,462,54,187,875
2025-09-30,159,72851,31070,8968,441,189,51,840
2025-10-01,159,65603,45667,48533,401,315,368,1243
2025-10-02,169,27833,78680,5665,161,436,25,791
2025-10-03,189,46908,44419,20180,279,305,141,914
2025-10-04,195,71337,63203,36894,433,407,275,1310
2025-10-05,173,59612,89353,35227,363,444,261,1241
2025-10-06,170,118534,11834,21136,573,60,149,952
2025-10-07,170,16372,24725,17326,108,137,118,533
2025-10-08,146,83417,35511,19880,490,229,139,1004
2025-10-09,173,48518,37964,13213,290,251,85,799
2025-10-10,171,51383,36991,10266,309,242,62,784
2025-10-11,205,86111,81684,24151,501,439,173,1318
2025-10-12,207,83092,64262,13426,489,410,87,1193
2025-10-13,185,118950,54711,14373,574,372,94,1225
2025-10-14,171,15407,27843,32837,104,162,242,679
2025-10-15,163,12493,74141,48426,93,431,367,1054
2025-10-16,200,86920,85955,30181,504,442,221,1367
2025-10-17,175,69406,73907,3848,423,430,10,1038
2025-10-18,200,32899,140,3779,189,26,10,425
2025-10-19,189,9530,57276,47571,83,385,360,1017
2025-10-20,177,10278,4602,14864,86,36,98,397
2025-10-21,173,107302,23184,4603,557,125,16,871
2025-10-22,169,23024,5357,29952,137,38,219,563
2025-10-23,170,38804,54341,31182,225,371,229,995
2025-10-24,175,27198,61793,32425,158,402,239,974
2025-10-25,195,42599,10303,13370,250,54,86,585
2025-10-26,183,8330,34545,755,79,220,0,482
2025-10-27,177,62287,41061,48250,380,278,366,1201
2025-10-28,173,8113,33214,12544,79,208,80,540
2025-10-29,191,96042,10892,33801,532,57,250,1030
2025-10-30,149,28045,37705,35331,162,249,262,822
2025-10-31,187,64801,67606,30500,396,419,224,1226
2025-11-01,294,105609,6390,15645,554,41,105,994
2025-11-02,251,78105,7216,13554,467,43,88,849
2025-11-03,253,63954,31929,29883,391,197,219,1060
2025-11-04,253,38920,84755,43304,226,441,326,1246
2025-11-05,243,39960,60171,47336,233,397,358,1231
2025-11-06,249,80338,61080,5295,477,400,22,1148
2025-11-07,246,119296,32572,7741,574,203,41,1064
2025-11-08,300,79420,53429,47236,473,366,357,1496
2025-11-09,282,66934,911,36826,409,27,274,992
2025-11-10,270,87678,57248,44149,506,385,333,1494
2025-11-11,265,55824,82195,10131,339,439,61,1104
2025-11-12,246,7217,55131,29379,76,375,215,912
2025-11-13,253,67475,78632,35056,412,436,260,1361
2025-11-14,263,114915,65157,34005,569,413,252,1497
2025-11-15,271,21036,10850,20407,128,56,143,598
2025-11-16,280,82800,81220,769,488,439,0,1207
2025-11-17,256,24112,5979,29146,142,40,213,651
2025-11-18,255,64299,48057,12655,393,332,81,1061
2025-11-19,266,11601,12792,22512,90,65,160,581
2025-11-20,263,54044,1053,47879,327,27,363,980
2025-11-21,255,90739,37983,19951,517,251,139,1162
2025-11-22,296,41708,26553,41990,244,151,315,1006
2025-11-23,263,79789,43740,9427,475,300,55,1093
2025-11-24,266,95453,51947,33623,531,357,248,1402
2025-11-25,265,111261,3936,48850,564,34,370,1233
2025-11-26,257,28157,11070,5094,163,57,20,497
2025-11-27,263,47917,50277,415,285,347,0,895
2025-11-28,247,18289,30885,21679,116,188,153,704
2025-11-29,294,119098,65625,4631,574,414,17,1299
2025-11-30,273,111240,58706,37419,564,391,279,1507
2025-12-01,175,64794,76104,45727,396,433,345,1349
2025-12-02,191,101043,62324,21701,545,404,153,1293
2025-12-03,174,62514,38693,12935,382,257,83,896
2025-12-04,167,74830,60566,21720,452,398,153,1170
2025-12-05,165,10694,24784,36172,87,137,269,658
2025-12-06,212,90632,27568,452,516,160,0,888
2025-12-07,183,15325,71008,29472,104,426,215,928
2025-12-08,199,99128,40177,30664,540,270,225,1234
2025-12-09,161,93843,71854,31884,526,427,235,1349
2025-12-10,199,85049,74018,12101,497,430,76,1202
2025-12-11,184,4339,77180,35702,68,435,265,952
2025-12-12,181,36375,82497,4569,210,440,16,847
2025-12-13,202,31573,38788,9963,182,258,59,701
2025-12-14,201,43216,28698,43873,254,169,330,954
2025-12-15,182,10517,52397,36936,86,360,275,903
2025-12-16,193,112434,33405,687,565,210,0,968
2025-12-17,184,66456,54096,12418,406,369,79,1038
2025-12-18,184,36662,63502,10720,212,408,65,869
2025-12-19,179,47637,61956,13540,284,403,88,954
2025-12-20,207,53664,33709,12377,324,213,79,823
2025-12-21,201,72071,15017,3126,437,75,5,718
2025-12-22,166,61881,38747,22947,378,258,163,965
2025-12-23,170,110327,12833,36636,562,65,273,1070
2025-12-24,191,59635,80108,30336,364,438,222,1215
2025-12-25,185,119058,31128,33643,574,190,249,1198
2025-12-26,182,102170,13901,4057,547,70,12,811
2025-12-27,209,25021,2290,47574,147,30,360,746
2025-12-28,203,111671,58124,41924,564,388,315,1470
2025-12-29,179,13963,57321,40254,98,385,302,964
2025-12-30,177,98093,30654,41149,538,186,309,1210
2025-12-31,186,45674,6454,46635,270,41,353,850
